text,ocr_conf,label
Initializing | Al Proj Gib Home Share View Sa fon. | C\Windows\System32\cmd.exe - python screen_monitor.py Pin to Qui IGROSORe Uhadbrss [Marsion 10.0. TS Gao access (@) CReROSOFE Al rights ——— Bear SORSAD_MOMAGOP AY & —Es\t Pregiseraan_momitar ysis hnvaladgescapemsequencemma\ ba = P'Cs\Rragrem Pilles\hassaract Cen iassaract axe” +n comiter (mCrtiniciingd) cumming. lags Og Oo cI =p a=) 1 ua uF u @o Sth co 3 Og c <} Downloads } Music f=] Pictures IFA] Videos #. Local Disk (C:) => New Volume (E:),100,0
ve fA mt ann: WindG\Windows\system32\cmdrexemypy thon) OGR(S0%)ainitializing)TAllgroifGibibiome;sharexviewsSarony|ke\Windows\system32\cmdrexeeypythontscreensmoni! x | fw C:\Windows\System32\cmd.exe - python screen_monitor.py Pin to Qui IGROSORe Uhadbrss [Marsion 10.0. TS Gao access (@) CReROSOFE A rights ————Bs\Ar Prejpeytien sercenmeniter iy <¢ —Es\Al Pral\cersanmniter pysits GSatathrmings fmvalid oye pytessenactepy.tessenactmcessenactacmd—-mha Ga DnognamEgilesNLessenacteOCR\tessenactmex cm Bee SCocenmmon: comm UTACOGRe Phishing) mQunnine aloes PA@eneeA TaD roy\Scheenwmon.tonepy.304 4m DepnecationWwanning-mdatetimemdatetamesutcnow @)—eLsmdepnecat cod i © future version. Use timame-aare chjscts to raprasam datstines fn Wits datstine dit nm tinestp = dhtetine.utemn() fieotorninnK() 1. 1. ee a) | ua i F a @o Th Sp 3 og c U Downloads 2d Music J Pictures IFA] Videos #2 Local Disk (C:) wz» New Volume (E:),100,0
Tt fA mt ann: OGR(39%) aver AtmuannawindG\Windows\systems2\cmidrexemypyathon OGR(SO%)ainitializing) rAllgroitGibibiome;: x | fw C:\Windows\System32\cmd.exe - python screen_monitor.py Pin to Qui IGROSORe Uhadbrss [Marsion 10.0. TS Gao access (@) CReROSOFE A rights ————Bs\Ar Prejpeytien sercenmeniter iy <¢ —Es\Al Pral\cersanmniter pysits GSatathrmings fmvalid oye pytessenactepy.tessenactmcessenactacmd—-mha Ga DnognamEgilesNLessenacteOCR\tessenactmex cm Bee SCocenmmon: comm UTACOGRe Phishing) mQunnine aloes ar Quas\Al Gregiserean_moniter.aysitas Oeprecaticnikhrnings dtetine <datetine.otem() fs od fa © Guiure version. Use tinszme-emre chyjscts to represent chtetinas fim UiCs chtctine.cki nm tinestp = dhtetine.utemn() fieotorninnK() 1. 1. ee a) } ua i F a @o Sth Sp 3 Od 1. U Downloads 2d Music f=) Pictures IFA] Videos #5 Local Disk (C) wz» New Volume (E:),100,0
I Proj Share View Nindows\System32\cmd.exe - python screen_monitor.py - Sf teWindowsm \Wegsionmlo TO NLI04 56456) TROSORE Al eights Poy 2py.thonescneensmonitonepyy ProyNscheenwmoniLome py. a Scmoyntaxvanning-wminvalad| oy” nr ene -1)1CS\\leSSchactcOCR\ LessehaGtMexcm AWindows\ system 32\cmd:exeRapythoniscrccn¥monitoradatetimesdatetimesuccnow (ys smdeppecatedpandgschedul FutupemvensionwEUsemtimezone.awanemoby ectsmtomnepnesentmdatetimesminmUL Gy stanpeomdatetimesutcnow ()musofonmat() is (C) me (E:),100,0
"View tem32\cmd.exe - python screen_monitor.py _ O B (Narston 1.0.1mu.b Cb) Al rights NES CheenwmonitOneDy| NWMONLLOMEPY SLSmoyn CaxWanningwminvalad| a ae fcnd=SoaGa\ Programpriles i essenacteOGR\tessenactwexem fDoyPpy thonescneensmonitonepyyiproy Nscheenwmoni ‘atin ute) fs daprecstal) anid schattiled for rai ee womens cee peas, c CMe smLIEU Gmdacetimesdatetumesnow(datetumesUL@). ite teimemUt CHOW @MmLSOfonmat())",100,0
- Oo x nw 0 TOW @) ELS) and) schactited Gor UT Gmdatetimerdatetimemnow (datetimenULG) olcaxWanningwminvalad|faraelicnd—=SoaGa\ierogrampriles |,100,0
_ x ~@ _CCOCSCSC*‘NSYGY anningwminvalad|faraelicnd= = —soaGa\terogrampriles]|| |,100,0
_ x ~@ CCC ingwminvalad|faraclicnd—FosoaGa\terogrampriles||l|| |,100,0
_ x ~@ CCC ingwminvalad|faraclicnd—FosoaGa\terogrampriles||l|| |,100,0
"@ Script improvement summary %* | ©) Home+UB-Mannheim/tesserac X Mi (no subject) - malaikaarif34@gr x | - - oO xX Q nw eee WP? senactcOGR\tessenactwexem eatine ote) fs dapracsta) an) schahiled) Gor ranovail retimesmingULG:mdatetaimesdatetumesnow(datetames UIC) s CP Copy code eatine ote) fs dapracsta) an) schahiled) Gor rani retImesmIngU! Gmdacetumesdatetumesnow(datetimesUlG) es > la=°° @Ems=°° Garantie aar=""_ & <@ GSC tngminvaled 5 Copy code CD Copy code “ You should now see no OCR error messages, and the overlay should start showing: sess CD Copy code OCR(85%) [some text...] £3 Extra Tip (Quick Test) Vinti can allen tact OCR mannally hefare rrinningn unr ernnt",100,0
"(no subject) - malaikaarif34@gmail.com - Gmail - Google Chrome
/mail/u/0/#inbox/FMfcgzQcqbVrmSmWiWcCntafirhbRplc Search mail cr Aa © O/B Bi: (no subject) [Inbox x) Malaika Arif. ' tome v Subject: :’ Urgent: Account Suspension Notice — Action Required senactcOGR\tessenactwexenNeatinetote)s\dapracstaytal | Dear User, We have detected unusual sign-in activity on your Microsoft 365 account from a new device. For your protection, your account will be temporarily suspended within 24 hours unless you verify your identity. Please verify your account immediately by clicking the secure link below: Cr Verify Now Failure to complete verification may result in restricted access to your emails, calendar, and OneDrive files. Thank you for your prompt attention. Microsoft Account Security Team © 2025 Microsoft Corporation. All rights reserved.",100,0
"/mail/u/0/#inbox/FMfcgzQcqbVrmSmWiWcCntafirhbRplc Search mail cr Aa © O/B Bi: (no subject) [Inbox x) Malaika Arif. ' tome v Subject: :’ Urgent: Account Suspension Notice — Action Required senactcOGR\tessenactwexenNeatinetote)s\dapracstaytal | Dear User, We have detected unusual sign-in activity on your Microsoft 365 account from a new device. For your protection, your account will be temporarily suspended within 24 hours unless you verify your identity. Please verify your account immediately by clicking the secure link below: Cr Verify Now Failure to complete verification may result in restricted access to your emails, calendar, and OneDrive files. Thank you for your prompt attention. Microsoft Account Security Team © 2025 Microsoft Corporation. All rights reserved.",100,1
"i Oe d> # @® 10f3,300 < > far = 10:15AM (18minutesago) ¥% © | } sad vig cot Spano ten — Acton u verify your identity. | OneDrive files. Ee",100,1
"i Oe d> # @® 10f3,300 << > mr oa & 10:15AM (18minutesago) ¥% © | } tan = Aon wy yout Ons u verify your identity. | OneDrive files. e",100,1
"i Oe d> # @® 10f3,300 << > mr oa & 10:15AM (18minutesago) ¥% © | } on cyyou roa you ttt onion o u verify your identity. | OneDrive files.",100,1
"a Oe d> # @® 10f3,300 << > mr oa & 10:15AM (18minutesago) ¥% © | } sayoutoxtono vaya janeiro u verify your identity. | OneDrive files. e",100,1
"i Oe d> # @® 10f3,300 << > mr =m 4 10:15AM (18minutesago) ¥% © | } so eyamato wa you ttt onion o u verify your identity. | OneDrive files.",100,1
": | © Cyber awareness tips plan x | © Script improvement summary X | © Home - UB-Mannheim/tesserac XX gle.com/mail/u/0/#inbox/FMfcgzQcqbVrmSmWiWcCntafirhbRpic _ Oo x —F syemailllookstsuspicious!) | ae 1g any links, Consider contacting IT or the sender. (no subject) [Inbox x) HisokeyamatolwajyouptttfonionfolulverityyyougidentityalLOneDrivettiless Subject: :’ Urgent: Account Suspension Notice — Action Required From: IT Support it-support@microsOft-secure.com To: user@company.com Date: Wed, 29 Oct 2025, 10:15 AM Dear User, We have detected unusual sign-in activity on your Microsoft 365 account from a new device. For your protection, your account will be temporarily suspended within 24 hours unless you verify your identity. Please verify your account immediately by clicking the secure link below: Cr Verify Now Failure to complete verification may result in restricted access to your emails, calendar, and OneDrive files. Thank you for your prompt attention. Microsoft Account Security Team",100,0
": | © Cyber awareness tips plan x | © Script improvement summary X | © Home - UB-Mannheim/tesserac XX gle.com/mail/u/0/#inbox/FMfcgzQcqbVrmSmWiWcCntafirhbRpic _ Oo x —F syemailllookstsuspicious!) | ae 1g any links, Consider contacting IT or the sender. (no subject) [Inbox x) HisokeyamatolwajyouptttfonionfolulverityyyougidentityalLOneDrivettiless Subject: :’ Urgent: Account Suspension Notice — Action Required From: IT Support it-support@microsOft-secure.com To: user@company.com Date: Wed, 29 Oct 2025, 10:15 AM Dear User, We have detected unusual sign-in activity on your Microsoft 365 account from a new device. For your protection, your account will be temporarily suspended within 24 hours unless you verify your identity. Please verify your account immediately by clicking the secure link below: Cr Verify Now Failure to complete verification may result in restricted access to your emails, calendar, and OneDrive files. Thank you for your prompt attention. Microsoft Account Security Team",100,0
"v © Alscreen monitoring program =X | © Cyber awareness tips plan x | © Script improvement summary € > G 2% hitps://mail.google.com/mail/u/0/#inbox/FMfcgzQcqbVimSmWfWcCntafirhbRplc oa | @ fA Phishing Alert - Oo x = MM This emefl (nalts exepiions _—___________} Be careful before clicking any links, Consider contacting IT or the sender, 2 cone NcqOVEMSMWIWcGntafi hORDIGaR OOM sonetos 10 subject) [Inbox x) yr Starred oO , Malaika Arif . ""| ""tome v @® = Snoozed _ E> Sent Subject: :’ Urgent: Account Suspension Notice — Action Required D Drafts 4 From: IT Support it-support@microsOft-secure.com To: user@company.com Purchases 64 Date: Wed, 29 Oct 2025, 10:15 AM v More Dear User, Labels + We have detected unusual sign-in activity on your Microsoft 365 acc For your protection, your account will be temporarily suspended witt Please verify your account immediately by clicking the secure link be Cr Verify Now Failure to complete verification may result in restricted access to you Thank you for your",100,0
"v © Alscreen monitoring program =X | © Cyber awareness tips plan x | © Script improvement summary € > G 2% hitps://mail.google.com/mail/u/0/#inbox/FMfcgzQcqbVimSmWfWcCntafirhbRplc oa | @ fA Phishing Alert - Oo x = MM This emefl (nalts exepiions _—___________} Be careful before clicking any links, Consider contacting IT or the sender, 2 cone NcqOVEMSMWIWcGntafi hORDIGaR OOM sonetos 10 subject) [Inbox x) yr Starred oO , Malaika Arif . ""| ""tome v @® = Snoozed _ E> Sent Subject: :’ Urgent: Account Suspension Notice — Action Required D Drafts 4 From: IT Support it-support@microsOft-secure.com To: user@company.com Purchases 64 Date: Wed, 29 Oct 2025, 10:15 AM v More Dear User, Labels + We have detected unusual sign-in activity on your Microsoft 365 acc For your protection, your account will be temporarily suspended witt Please verify your account immediately by clicking the secure link be Cr Verify Now Failure to complete verification may result in restricted access to you Thank you for your",100,0
"}-in activity on your Microsoft 365 account from a new device. int will be temporarily suspended within 24 hours unless you verify your identity. ediately by clicking the secure link below: may result in restricted access to your emails, calendar, and OneDrive files. ntion. eam All rights reserved. vard } ail/U/O/#inbox/EMicgz@cqbVimSmWiWeGntafirhbRpla hal C",100,1
"SESE) Te | Al Proj Gip Home Share View 4, fe Cut 7 New item ~ NS Ed open - Sele % las ‘A (S)xX abi. es vv) Boer Copy path a : i Easy access ~ iA Edit oo Sele Pin to Quick Co Paste 4 Move Co Delete Rename New Properties _ access ad [e] Paste shortcut | 19 ~ ‘on bd folder i. QHistory Gia Inve Clijpb oa p¢ $$ neni tn va es CAWindows\System32\cmd.exe ~ python screen_monitor. e cs EC\ \Sy: \ pyt Screen_mo py TCHOSOMUA YW INGOWSE [Wels] ONBLOLO M1904 566456) (CEMUCROSOLY Al eights Hr Quick access C1 besa ERNATEP Oy >py,chonmscheensmon.tOnepyy esktop ENNA TEP rogNScaeenWmon. Ons py aLScmoyltaxwannineamLnvalsd| oye < Downloads pytessenactepytessenacumtessenact@cmid gma G\ Phoprammailes\\iessenacte0cR\tessen . Scheensmonitomm ULALOGRePhi shine) mRUnNnine aloes Documents f=) Pictures This PC 1 ALProj i Bandicam i FSCRD 2023 S it Musa and Ema @ OneDrive - Perso This PC EQ 3D Objects (7) Desktop Documents U Downloads 2d Music f=) Pictures IFA] Videos #5 Local Disk (C) wz» New Volume (E:)",100,0
"H select all 9 Select none 2 Invert selection _ Oo x E nw SSenaGtMexXem i) fe dkprecstad and scischiled Gor Cs chestine. datkatine .miChistine Wie). Nes CA\ Mei dows\ Systema Z\omd exe python] Seren MOnAOr Py) (CRSA) SESE) To] Al Pros Gap Home Share Views fe Cut] New feme) [NS Gd open Sein % ExtA (xX shes vv] Ooer Copy path ai Cm, access = iA Cds oo Sele Pri to Quick Co Panta) “",100,0
- iSSencaMexXem t) fe dkprecstad snd scmchiied Goe Cs chest v] 0] | Search Al Proj nw cat) and) schathiled) Gar atetimemnow(datetimenULG) “,100,0
| = | x Cae a ll ees fatetmemnowsdatetarienULG) a vo] Search AIProj. =P,100,0
| = | x Cae a ll ees fatetmemnowsdatetarienULG) a vo] Search AIProj. =P,100,0
xs x ————s Qx 8 1 G @Détor : : eve 3 rae Tk ; O Active v ) £03 sss eae (@) 10f 72 < > Ea a @ 10:15AM (24 minutesago) ye & : iS ° fie) + ur identity. files.,100,0
xs x ————s Qx 8 1 G @Détor : : eve 3 rae Tk ; O Active v ) £03 sss eae (@) 10f 72 < > Ea a @ 10:15AM (24 minutesago) ye & : iS ° fie) + ur identity. files.,100,0
"_ Qe 1D Ottor x 3 Orctvey @ G i ( Pie @ - Oo Xx Uavonsost nw 7 1of72 << > | a & | ed) and echathiled Gar rane Een ‘uradentety, filles | cna) and schathiled Gor ramveill datetumesnow(datetumesULG)s 1S oor=""(| = | x Ge o 1 es Gj verify your identity. “ access to your emails, calendar, and OneDrive files.",100,0
"_ Qe 1D Ottor x 3 Orctvey @ G i ( Pie @ - Oo Xx Uavonsost nw 7 1of72 << > | a & | ed) and echathiled Gar rane Een ‘uradentety, filles | cna) and schathiled Gor ramveill datetumesnow(datetumesULG)s 1S oor=""(| = | x Ge o 1 es Gj verify your identity. “ access to your emails, calendar, and OneDrive files.",100,0
"cess ee oe a _ “ . a - , . (A) Fewer details ' Ht af Moo ri =| 1 a we > of - l i fr poo. vs ‘| ; : r df —— if are _ OCRETR w Gai Orton xd Orctvey @.G1( Pre @2O0.Xx Usvonsost) a / nw, J tol 2S 1a led) and echathiied Gxrmie Cen purodentetyy PA fies | cna) and schsthiled Goc ranvel datctumeno) TT ee",100,0
